Timestamp,HeartPhase,BreathPhase,TotalPhase,Distance
16:54:29.088,-0.17813153564929962,2.3207144737243652,6.357238292694092,42.84000015258789
16:54:29.093,-0.42410778999328613,2.5561983585357666,6.8468451499938965,42.84000015258789
16:54:29.103,-0.6582221388816833,2.7918670177459717,5.950098514556885,42.84000015258789
16:54:29.123,-0.8797515630722046,3.025754451751709,4.9696044921875,42.84000015258789
16:54:29.164,-1.089976191520691,3.2553961277008057,4.186502933502197,42.84000015258789
16:54:29.165,-1.2919880151748657,3.478736639022827,3.7185113430023193,42.84000015258789
16:54:29.199,-1.4890861511230469,3.6941542625427246,3.129722833633423,42.84000015258789
16:54:29.212,-1.682491421699524,3.8998379707336426,1.7676540613174438,42.84000015258789
16:54:29.225,-1.8698725700378418,4.093542575836182,0.757061779499054,42.84000015258789
16:54:29.264,-2.0449814796447754,4.273332595825195,0.2518962621688843,42.84000015258789
16:54:29.265,-2.197455883026123,4.438209533691406,0.21179230511188507,42.84000015258789
16:54:29.291,-2.312379837036133,4.587982177734375,0.37995970249176025,42.84000015258789
16:54:29.304,-2.3703906536102295,4.7228522300720215,0.5438211560249329,42.84000015258789
16:54:29.323,-2.3492350578308105,4.843198299407959,0.8316879272460938,42.84000015258789
16:54:29.343,-2.2268178462982178,4.949689865112305,1.511731505393982,42.84000015258789
16:54:29.390,-1.9848947525024414,5.043466567993164,2.4238979816436768,42.84000015258789
16:54:29.399,-1.6125092506408691,5.126007080078125,3.3442909717559814,42.84000015258789
16:54:29.430,-1.108875036239624,5.198664665222168,3.8228142261505127,42.84000015258789
16:54:29.438,-0.4857260286808014,5.2623291015625,4.193168640136719,42.84000015258789
16:54:29.443,0.23121236264705658,5.317481994628906,4.317284107208252,42.84000015258789
16:54:29.464,1.002275824546814,5.3640007972717285,3.608649969100952,42.84000015258789
16:54:29.493,1.7754069566726685,5.400339603424072,1.3194845914840698,42.84000015258789
16:54:29.513,2.488643169403076,5.423279762268066,-1.2633726596832275,42.84000015258789
16:54:29.525,3.0742428302764893,5.429477691650391,-2.5202720165252686,42.84000015258789
16:54:29.543,3.466278553009033,5.4169602394104,-3.4624459743499756,42.84000015258789
16:54:29.563,3.611429214477539,5.38455867767334,-4.874618053436279,42.84000015258789
16:54:29.601,3.479522228240967,5.331275463104248,-5.590734958648682,42.84000015258789
16:54:29.607,3.07074236869812,5.257030963897705,-5.369640827178955,42.84000015258789
16:54:29.626,2.4186453819274902,5.162905693054199,-5.149841785430908,42.84000015258789
16:54:29.643,1.588289499282837,5.050014495849609,-5.835505962371826,42.84000015258789
16:54:29.663,0.6683689951896667,4.918562889099121,-6.927927017211914,42.84000015258789
16:54:29.683,-0.2415437251329422,4.768820285797119,-6.305049896240234,42.84000015258789
16:54:29.721,-1.0444402694702148,4.602821350097656,-4.646232604980469,42.84000015258789
16:54:29.733,-1.6564310789108276,4.4237799644470215,-3.833908796310425,42.84000015258789
16:54:29.765,-2.0147712230682373,4.2341413497924805,-3.9188554286956787,42.84000015258789
16:54:29.774,-2.0849368572235107,4.035372734069824,-3.499932050704956,42.84000015258789
16:54:29.783,-1.865554928779602,3.829106330871582,-2.6872034072875977,42.84000015258789
16:54:29.825,-1.388651967048645,3.617440700531006,-1.9488826990127563,42.84000015258789
16:54:29.832,-0.7147958874702454,3.40252947807312,-1.1133298873901367,42.84000015258789
16:54:29.850,0.07522398978471756,3.186256170272827,-0.7942227721214294,42.84000015258789
16:54:29.863,0.8904141187667847,2.9703421592712402,0.28506040573120117,42.84000015258789
16:54:29.883,1.6402175426483154,2.7567732334136963,1.1941875219345093,42.84000015258789
16:54:29.903,2.24471378326416,2.5473973751068115,1.645567536354065,42.84000015258789
16:54:29.940,2.6427483558654785,2.3435921669006348,2.31001877784729,42.84000015258789
16:54:29.943,2.7970426082611084,2.1468665599823,3.52135968208313,42.84000015258789
16:54:29.974,2.696563243865967,1.9590191841125488,4.400529861450195,42.84000015258789
16:54:29.984,2.356058359146118,1.7813471555709839,4.5057830810546875,42.84000015258789
16:54:30.003,1.812158465385437,1.6143546104431152,4.829073429107666,42.84000015258789
16:54:30.023,1.1165376901626587,1.4577717781066895,3.795140027999878,42.84000015258789
16:54:30.056,0.3277631103992462,1.3107683658599854,3.9639406204223633,42.84000015258789
16:54:30.066,-0.49577927589416504,1.1735011339187622,5.417647838592529,42.84000015258789
16:54:30.088,-1.2998980283737183,1.0471278429031372,5.598353862762451,42.84000015258789
16:54:30.103,-2.0365610122680664,0.9320051670074463,5.346200942993164,42.84000015258789
16:54:30.123,-2.6659693717956543,0.8282129168510437,6.742465972900391,42.84000015258789
16:54:30.145,-3.158604383468628,0.7357984185218811,5.310548782348633,42.84000015258789
16:54:30.165,-3.4968032836914062,0.6536641120910645,5.245479106903076,42.84000015258789
16:54:30.193,-3.6757431030273438,0.5809618830680847,5.809911251068115,42.84000015258789
16:54:30.203,-3.702265501022339,0.5180059671401978,6.503697872161865,42.84000015258789
16:54:30.223,-3.5913217067718506,0.46506088972091675,6.3428802490234375,42.84000015258789
16:54:30.243,-3.3622653484344482,0.42205917835235596,7.068246841430664,42.84000015258789
16:54:30.267,-3.036008596420288,0.38943496346473694,8.163933753967285,42.84000015258789
16:54:30.291,-2.6329777240753174,0.36709344387054443,6.511480808258057,42.84000015258789
16:54:30.303,-2.1731083393096924,0.35287928581237793,5.152734756469727,42.84000015258789
16:54:30.323,-1.678020715713501,0.3440135419368744,4.308729648590088,42.84000015258789
16:54:30.343,-1.1720346212387085,0.3393137454986572,5.585294246673584,42.84000015258789
16:54:30.378,-0.6795492172241211,0.33865517377853394,4.514388561248779,42.84000015258789
16:54:30.385,-0.22090989351272583,0.34135928750038147,4.744103908538818,42.84000015258789
16:54:30.404,0.1901438981294632,0.34651312232017517,4.074450492858887,42.84000015258789
16:54:30.423,0.5472398996353149,0.3536226749420166,4.806338310241699,42.84000015258789
16:54:30.443,0.8511619567871094,0.362214058637619,3.6587188243865967,42.84000015258789
16:54:30.463,1.1084814071655273,0.3713841438293457,3.7988169193267822,42.84000015258789
16:54:30.500,1.3293818235397339,0.3810431957244873,5.070849895477295,42.84000015258789
16:54:30.505,1.5262023210525513,0.39237359166145325,5.813837051391602,42.84000015258789
16:54:30.529,1.7126518487930298,0.40635326504707336,6.196315765380859,42.84000015258789
16:54:30.545,1.901899814605713,0.4233364164829254,6.507444858551025,42.84000015258789
16:54:30.563,2.103339433670044,0.44345277547836304,6.820560932159424,42.84000015258789
16:54:30.605,2.319518566131592,0.4667122960090637,7.030273914337158,42.84000015258789
16:54:30.614,2.544403314590454,0.4930252134799957,7.2340216636657715,42.84000015258789
16:54:30.642,2.7632834911346436,0.5221120715141296,7.093137264251709,42.84000015258789
16:54:30.644,2.9541823863983154,0.5534740090370178,7.1302103996276855,42.84000015258789
16:54:30.663,3.090301752090454,0.5859535336494446,5.524980068206787,42.84000015258789
16:54:30.687,3.143002510070801,0.6180738806724548,6.149439334869385,42.84000015258789
16:54:30.708,3.0859203338623047,0.6496104598045349,6.740695476531982,42.84000015258789
16:54:30.732,2.9006264209747314,0.6812018752098083,7.243932247161865,42.84000015258789
16:54:30.744,2.5818185806274414,0.7132473587989807,7.480567932128906,42.84000015258789
16:54:30.763,2.139503002166748,0.7458765506744385,7.72035026550293,42.84000015258789
16:54:30.783,1.5977816581726074,0.7790296077728271,7.811702728271484,42.84000015258789
16:54:30.806,0.9912093877792358,0.8125019669532776,7.852519989013672,42.84000015258789
16:54:30.834,0.3597966730594635,0.8459494113922119,7.786846160888672,42.84000015258789
16:54:30.848,-0.25627872347831726,0.8790326118469238,7.961854457855225,42.84000015258789
16:54:30.863,-0.821611762046814,0.9107288122177124,6.148501873016357,42.84000015258789
16:54:30.883,-1.3102755546569824,0.9386582374572754,4.616347789764404,42.84000015258789
16:54:30.903,-1.7092643976211548,0.9609548449516296,5.380668640136719,42.84000015258789
16:54:30.943,-2.017904281616211,0.9778082966804504,5.899240493774414,42.84000015258789
16:54:30.951,-2.2429001331329346,0.9902113676071167,6.499505996704102,42.84000015258789
16:54:30.972,-2.392526149749756,0.998912513256073,6.7483811378479,42.84000015258789
16:54:30.983,-2.4730842113494873,1.0042659044265747,6.719493865966797,42.84000015258789
16:54:31.003,-2.4881174564361572,1.0063413381576538,6.891939640045166,42.84000015258789
16:54:31.044,-2.439382791519165,1.0052188634872437,6.967199802398682,42.84000015258789
16:54:31.050,-2.3284685611724854,1.000913143157959,6.893039226531982,42.84000015258789
16:54:31.073,-2.158773183822632,0.9926161766052246,5.199238300323486,42.84000015258789
16:54:31.083,-1.9377080202102661,0.9791653156280518,5.87363862991333,42.84000015258789
16:54:31.103,-1.6774929761886597,0.9606605172157288,6.272169589996338,42.84000015258789
16:54:31.123,-1.3932745456695557,0.9377851486206055,6.222362041473389,42.84000015258789
16:54:31.168,-1.1002564430236816,0.9106839299201965,6.104732513427734,42.84000015258789
16:54:31.177,-0.8119818568229675,0.8791623115539551,5.71160364151001,42.84000015258789
16:54:31.196,-0.5398373007774353,0.8428062200546265,5.323418140411377,42.84000015258789
16:54:31.208,-0.2929771840572357,0.8012813329696655,5.316091537475586,42.84000015258789
16:54:31.225,-0.07802044600248337,0.7546125650405884,5.295734882354736,42.84000015258789
16:54:31.259,0.10154418647289276,0.7029097676277161,5.087026119232178,42.84000015258789
16:54:31.266,0.24574603140354156,0.6463724374771118,5.396858215332031,42.84000015258789
16:54:31.296,0.3581536114215851,0.5855893492698669,5.773891448974609,42.84000015258789
16:54:31.303,0.44569313526153564,0.5214734673500061,6.3153839111328125,42.84000015258789
16:54:31.323,0.5179768800735474,0.4547881782054901,6.1690850257873535,42.84000015258789
16:54:31.343,0.5855956673622131,0.3858128488063812,6.173179626464844,42.84000015258789
16:54:31.386,0.657575249671936,0.31454747915267944,5.870750904083252,42.84000015258789
16:54:31.394,0.7389194965362549,0.24076756834983826,5.4879150390625,42.84000015258789
16:54:31.412,0.8290400505065918,0.1640540212392807,5.043484210968018,42.84000015258789
16:54:31.424,0.9214510321617126,0.08395782113075256,4.5490851402282715,42.84000015258789
16:54:31.443,1.0048753023147583,0.00014967522292863578,4.45042085647583,42.84000015258789
16:54:31.463,1.0657426118850708,-0.08720078319311142,4.723712921142578,42.84000015258789
16:54:31.490,1.091645359992981,-0.1774848848581314,4.874142169952393,42.84000015258789
16:54:31.517,1.074597954750061,-0.27015379071235657,4.796388626098633,42.84000015258789
16:54:31.528,1.0128459930419922,-0.36484333872795105,4.837121486663818,42.84000015258789
16:54:31.543,0.9108874797821045,-0.46135392785072327,4.5181074142456055,42.84000015258789
16:54:31.563,0.7780923843383789,-0.5597254633903503,4.224781513214111,42.84000015258789
16:54:31.610,0.6264808177947998,-0.6601824760437012,3.749596357345581,42.84000015258789
16:54:31.612,0.46829575300216675,-0.7630592584609985,3.2743375301361084,42.84000015258789
16:54:31.631,0.3141336739063263,-0.8683807253837585,3.6488239765167236,42.84000015258789
16:54:31.643,0.17234480381011963,-0.9754484295845032,3.984393358230591,42.84000015258789
16:54:31.663,0.04958948493003845,-1.0833443403244019,4.123617649078369,42.84000015258789
16:54:31.685,-0.04856531694531441,-1.1913349628448486,4.3412299156188965,42.84000015258789
16:54:31.727,-0.11774333566427231,-1.2987419366836548,4.551707744598389,42.84000015258789
16:54:31.729,-0.1554168164730072,-1.4051610231399536,4.152580738067627,42.84000015258789
16:54:31.748,-0.1619199961423874,-1.5106221437454224,3.949997663497925,42.84000015258789
16:54:31.763,-0.14146584272384644,-1.6153498888015747,3.4238948822021484,42.84000015258789
16:54:31.783,-0.10255208611488342,-1.7197833061218262,2.8453686237335205,42.84000015258789
16:54:31.826,-0.0576346255838871,-1.8249750137329102,1.163766860961914,42.84000015258789
16:54:31.829,-0.02222893200814724,-1.9321973323822021,0.9950219988822937,42.84000015258789
16:54:31.848,-0.012859335169196129,-2.0419840812683105,0.47661957144737244,42.84000015258789
16:54:31.863,-0.043519385159015656,-2.1543402671813965,0.248569056391716,42.84000015258789
16:54:31.883,-0.12189885973930359,-2.2691662311553955,-0.0024690229911357164,42.84000015258789
16:54:31.903,-0.2468966245651245,-2.386157274246216,-0.054895441979169846,42.84000015258789
16:54:31.944,-0.40799078345298767,-2.5049495697021484,-0.3324277400970459,42.84000015258789
16:54:31.953,-0.5865660309791565,-2.6253185272216797,-0.6536259055137634,42.84000015258789
16:54:31.977,-0.7589484453201294,-2.7471141815185547,-0.9371994137763977,42.84000015258789
16:54:31.987,-0.9003157615661621,-2.87007737159729,-0.9884200096130371,42.84000015258789
16:54:32.003,-0.9883673191070557,-2.9935643672943115,-0.5983330607414246,42.84000015258789
16:54:32.042,-1.0059969425201416,-3.1165623664855957,-0.42403045296669006,42.84000015258789
16:54:32.068,-0.9429560899734497,-3.237976551055908,0.035268861800432205,42.84000015258789
16:54:32.074,-0.7968743443489075,-3.3568360805511475,-0.02799479104578495,42.84000015258789
16:54:32.083,-0.5738333463668823,-3.4724576473236084,0.1429721862077713,42.84000015258789
16:54:32.103,-0.28839311003685,-3.5844273567199707,-0.209469273686409,42.84000015258789
16:54:32.125,0.03713757544755936,-3.6926774978637695,-0.528587818145752,42.84000015258789
16:54:32.162,0.3743477761745453,-3.7973577976226807,-0.8978810906410217,42.84000015258789
16:54:32.164,0.6914536952972412,-3.8985207080841064,-0.984920084476471,42.84000015258789
16:54:32.191,0.9571443796157837,-3.9958670139312744,-0.738135576248169,42.84000015258789
16:54:32.203,1.144918441772461,-4.08904504776001,-1.266727328300476,42.84000015258789
16:54:32.223,1.2366790771484375,-4.177919387817383,-1.0564078092575073,42.84000015258789
16:54:32.266,1.2250334024429321,-4.26177978515625,-0.14650790393352509,42.84000015258789
16:54:32.267,1.1146039962768555,-4.3393778800964355,0.049168746918439865,42.84000015258789
16:54:32.290,0.9218758940696716,-4.409739017486572,0.5067549347877502,42.84000015258789
16:54:32.303,0.6728069186210632,-4.472048759460449,0.9448726773262024,42.84000015258789
16:54:32.323,0.3986988961696625,-4.525569915771484,1.1400007009506226,42.84000015258789
16:54:32.343,0.1313696652650833,-4.5698628425598145,1.2943583726882935,42.84000015258789
16:54:32.390,-0.10155776888132095,-4.604654312133789,1.5018612146377563,42.84000015258789
16:54:32.399,-0.2803661823272705,-4.629725933074951,1.6150003671646118,42.84000015258789
16:54:32.437,-0.3953181207180023,-4.644942760467529,1.7692046165466309,42.84000015258789
16:54:32.438,-0.44700390100479126,-4.650307655334473,1.7039189338684082,42.84000015258789
16:54:32.443,-0.44516777992248535,-4.645904541015625,1.919044852256775,42.84000015258789
16:54:32.484,-0.4063151478767395,-4.63187837600708,1.720396637916565,42.84000015258789
16:54:32.489,-0.3505754768848419,-4.608500957489014,1.8228212594985962,42.84000015258789
16:54:32.508,-0.29839029908180237,-4.57612419128418,1.5862535238265991,42.84000015258789
16:54:32.524,-0.2675386369228363,-4.535300254821777,1.2840070724487305,42.84000015258789
16:54:32.543,-0.2710304856300354,-4.487002372741699,0.4314812123775482,42.84000015258789
16:54:32.563,-0.316220223903656,-4.432687759399414,-0.4737304151058197,42.84000015258789
16:54:32.603,-0.4047544002532959,-4.373628616333008,-0.4306982457637787,42.84000015258789
16:54:32.636,-0.5323095321655273,-4.310215950012207,-0.25069794058799744,42.84000015258789
16:54:32.648,-0.6878585815429688,-4.242387294769287,-0.2175629884004593,42.84000015258789
16:54:32.649,-0.8535537123680115,-4.169966697692871,0.28065696358680725,42.84000015258789
16:54:32.663,-1.006148099899292,-4.092751979827881,0.13862769305706024,42.84000015258789
16:54:32.683,-1.1199926137924194,-4.010802268981934,0.23795779049396515,42.84000015258789
16:54:32.709,-1.171100378036499,-3.924382209777832,0.06604639440774918,42.84000015258789
16:54:32.747,-1.1413421630859375,-3.8339359760284424,-0.24784643948078156,42.84000015258789
16:54:32.748,-1.0217921733856201,-3.740004777908325,-0.25139427185058594,42.84000015258789
16:54:32.763,-0.8144557476043701,-3.6430001258850098,-0.4486970901489258,42.84000015258789
16:54:32.783,-0.5320000648498535,-3.5431742668151855,-0.24145253002643585,42.84000015258789
16:54:32.844,-0.19569608569145203,-3.44059681892395,-0.1819790154695511,42.84000015258789
16:54:32.852,0.16785407066345215,-3.3351681232452393,0.18584728240966797,42.84000015258789
16:54:32.854,0.5304781198501587,-3.2266836166381836,0.367520809173584,42.84000015258789
16:54:32.863,0.8658831715583801,-3.115055799484253,0.4072380065917969,42.84000015258789
16:54:32.883,1.1521936655044556,-3.0003397464752197,0.6404727101325989,42.84000015258789
16:54:32.903,1.373414397239685,-2.8826849460601807,0.4296625554561615,42.84000015258789
16:54:32.936,1.5198636054992676,-2.7625555992126465,0.17527230083942413,42.84000015258789
16:54:32.957,1.5876522064208984,-2.6407198905944824,-0.2910877764225006,42.84000015258789
16:54:32.968,1.5776994228363037,-2.517836570739746,-0.12979459762573242,42.84000015258789
16:54:32.983,1.4951229095458984,-2.394005298614502,0.2482692450284958,42.84000015258789
16:54:33.003,1.3492944240570068,-2.268951654434204,0.4962282180786133,42.84000015258789
16:54:33.023,1.1538318395614624,-2.142486095428467,0.6463622450828552,42.84000015258789
16:54:33.054,0.9256975054740906,-2.014558792114258,0.8422420620918274,42.84000015258789
16:54:33.084,0.6833281517028809,-1.8853789567947388,0.438875675201416,42.84000015258789
16:54:33.095,0.4441688358783722,-1.7555207014083862,0.32708802819252014,42.84000015258789
16:54:33.103,0.22225138545036316,-1.6256475448608398,-0.027009645476937294,42.84000015258789
16:54:33.123,0.026584826409816742,-1.4964230060577393,-0.2729875147342682,42.84000015258789
16:54:33.157,-0.13923749327659607,-1.3683857917785645,-0.2881704866886139,42.84000015258789
16:54:33.180,-0.2762902081012726,-1.241995096206665,-0.7391651272773743,42.84000015258789
16:54:33.192,-0.3887896239757538,-1.117609977722168,-0.3063877522945404,42.84000015258789
16:54:33.203,-0.48208504915237427,-0.9951157569885254,-0.19541580975055695,42.84000015258789
16:54:33.223,-0.5606107711791992,-0.8743976950645447,-0.352612167596817,42.84000015258789
16:54:33.275,-0.6265692710876465,-0.755455732345581,0.16436974704265594,42.84000015258789
16:54:33.297,-0.6796126365661621,-0.6381952166557312,-0.20077912509441376,42.84000015258789
16:54:33.297,-0.7174152135848999,-0.5229303240776062,-0.4281039237976074,42.84000015258789
16:54:33.303,-0.7370577454566956,-0.41020989418029785,-0.6568205952644348,42.84000015258789
16:54:33.323,-0.7365889549255371,-0.30053287744522095,-1.0005888938903809,42.84000015258789
16:54:33.343,-0.7159267067909241,-0.19416868686676025,-0.6155917048454285,42.84000015258789
16:54:33.386,-0.6767854690551758,-0.09107238799333572,-0.8839163780212402,42.84000015258789
16:54:33.393,-0.6219195127487183,0.008940599858760834,-0.2683401107788086,42.84000015258789
16:54:33.414,-0.5541550517082214,0.10634424537420273,-0.06517378240823746,42.84000015258789
16:54:33.431,-0.4756249487400055,0.20150277018547058,-0.07842937856912613,42.84000015258789
16:54:33.443,-0.3877197504043579,0.2944411039352417,-0.04916350170969963,42.84000015258789
16:54:33.484,-0.2916632890701294,0.3853738009929657,0.5774285793304443,42.84000015258789
16:54:33.490,-0.18886028230190277,0.47494444251060486,1.0143022537231445,42.84000015258789
16:54:33.507,-0.08082229644060135,0.563721776008606,1.1337486505508423,42.84000015258789
16:54:33.523,0.03066306747496128,0.6519603133201599,1.4016647338867188,42.84000015258789
16:54:33.543,0.14290723204612732,0.7397348880767822,1.313827633857727,42.84000015258789
16:54:33.563,0.2518213093280792,0.8272449970245361,2.1626555919647217,42.84000015258789
16:54:33.606,0.35228291153907776,0.9153138995170593,3.000542640686035,42.84000015258789
16:54:33.627,0.4393211901187897,1.004794716835022,3.0986127853393555,42.84000015258789
16:54:33.635,0.5087520480155945,1.0954480171203613,2.2533581256866455,42.84000015258789
16:54:33.643,0.5563357472419739,1.1863008737564087,2.2952232360839844,42.84000015258789
16:54:33.663,0.5766133666038513,1.2764652967453003,1.5859107971191406,42.84000015258789
16:54:33.683,0.5629421472549438,1.3651727437973022,1.6631460189819336,42.84000015258789
16:54:33.703,0.5088042616844177,1.451704978942871,0.923431396484375,42.84000015258789
16:54:33.732,0.4097098410129547,1.5354433059692383,1.2016369104385376,42.84000015258789
16:54:33.743,0.2651742994785309,1.6160633563995361,0.8685206770896912,42.84000015258789
16:54:33.763,0.08026645332574844,1.6932908296585083,0.7912812829017639,42.84000015258789
16:54:33.783,-0.1338960826396942,1.7668062448501587,0.6691868901252747,42.84000015258789
16:54:33.818,-0.36081963777542114,1.8365598917007446,0.9790838360786438,42.84000015258789
16:54:33.837,-0.580111026763916,1.9026963710784912,0.8695040345191956,42.84000015258789
16:54:33.851,-0.7695692181587219,1.965460181236267,1.4254313707351685,42.84000015258789
16:54:33.863,-0.9077833294868469,2.025070905685425,1.0614608526229858,42.84000015258789
16:54:33.883,-0.9770626425743103,2.081453561782837,1.1288775205612183,42.84000015258789
16:54:33.903,-0.9662668704986572,2.1344833374023438,1.1407228708267212,42.84000015258789
16:54:33.928,-0.8726996779441833,2.184170722961426,1.1255062818527222,42.84000015258789
16:54:33.955,-0.7025681138038635,2.230520009994507,1.1786237955093384,42.84000015258789
16:54:33.965,-0.4701468348503113,2.2735466957092285,1.169975996017456,42.84000015258789
16:54:33.983,-0.19589312374591827,2.313375234603882,1.4207097291946411,42.84000015258789
16:54:34.003,0.09623774141073227,2.350285291671753,1.5736764669418335,42.84000015258789
16:54:34.042,0.38177910447120667,2.384485960006714,1.5627590417861938,42.84000015258789
16:54:34.065,0.6384297013282776,2.4161174297332764,1.835120677947998,42.84000015258789
16:54:34.076,0.8480321168899536,2.4451918601989746,1.3599181175231934,42.84000015258789
16:54:34.083,0.9976513385772705,2.4714174270629883,1.3701328039169312,42.84000015258789
16:54:34.103,1.079854965209961,2.4944872856140137,1.1128062009811401,42.84000015258789
16:54:34.123,1.0926239490509033,2.5141894817352295,1.0320531129837036,42.84000015258789
16:54:34.156,1.039092779159546,2.53033709526062,0.8688235878944397,42.84000015258789
16:54:34.163,0.9270250201225281,2.542755126953125,0.707197904586792,42.84000015258789
16:54:34.189,0.7680702209472656,2.551518440246582,1.159427285194397,42.84000015258789
16:54:34.203,0.5771299600601196,2.5573160648345947,1.8249870538711548,42.84000015258789
16:54:34.223,0.3719303011894226,2.561269998550415,2.5810792446136475,42.84000015258789
16:54:34.268,0.17217007279396057,2.5643656253814697,2.7641029357910156,42.84000015258789
16:54:34.285,-0.002436575945466757,2.5673043727874756,3.450545072555542,42.84000015258789
16:54:34.306,-0.13493473827838898,2.5706794261932373,3.5391740798950195,42.84000015258789
16:54:34.307,-0.21427640318870544,2.573884963989258,1.5572142601013184,42.84000015258789
16:54:34.323,-0.23880966007709503,2.5749475955963135,0.9744325280189514,42.84000015258789
16:54:34.347,-0.2184118777513504,2.572617769241333,1.1085736751556396,42.84000015258789
16:54:34.376,-0.17258289456367493,2.566960096359253,1.3584966659545898,42.84000015258789
16:54:34.414,-0.1248582974076271,2.558443546295166,1.6209255456924438,42.84000015258789
16:54:34.415,-0.09649168699979782,2.54772686958313,2.2320780754089355,42.84000015258789
16:54:34.423,-0.1014784425497055,2.5357840061187744,2.9690685272216797,42.84000015258789
16:54:34.443,-0.1437813639640808,2.523454427719116,2.917600393295288,42.84000015258789
16:54:34.481,-0.21758624911308289,2.5105724334716797,2.021627426147461,42.84000015258789
16:54:34.489,-0.3105643391609192,2.496354579925537,2.1051838397979736,42.84000015258789
16:54:34.507,-0.40804392099380493,2.480677366256714,2.5355641841888428,42.84000015258789
16:54:34.523,-0.4959346055984497,2.463697910308838,1.953658103942871,42.84000015258789
16:54:34.543,-0.5625619888305664,2.4451382160186768,2.024200677871704,42.84000015258789
16:54:34.563,-0.6001637578010559,2.424703598022461,1.7041441202163696,42.84000015258789
16:54:34.601,-0.6056193709373474,2.402357816696167,2.080665349960327,42.84000015258789
16:54:34.603,-0.5799948573112488,2.378308057785034,2.0244693756103516,42.84000015258789
16:54:34.630,-0.5271656513214111,2.3531389236450195,3.0525190830230713,42.84000015258789
16:54:34.643,-0.45224523544311523,2.32719349861145,1.8446515798568726,42.84000015258789
16:54:34.663,-0.36101076006889343,2.299769401550293,1.5626840591430664,42.84000015258789
16:54:34.683,-0.2607825994491577,2.269392967224121,-0.2882041931152344,42.84000015258789
16:54:34.711,-0.16168361902236938,2.2341489791870117,-1.2085801362991333,42.84000015258789
16:54:34.727,-0.07655026018619537,2.1928634643554688,-0.9590001106262207,42.84000015258789
16:54:34.745,-0.01845906302332878,2.1452796459198,-1.9995242357254028,42.84000015258789
16:54:34.763,0.0029236539267003536,2.090862989425659,-2.3945860862731934,42.84000015258789
16:54:34.783,-0.015914486721158028,2.029329776763916,-2.332148790359497,42.84000015258789
16:54:34.818,-0.07084856927394867,1.961005449295044,-2.48608660697937,42.84000015258789
16:54:34.842,-0.14973624050617218,1.8864367008209229,-2.1624433994293213,42.84000015258789
16:54:34.848,-0.23353706300258636,1.8064091205596924,-1.999516487121582,42.84000015258789
16:54:34.863,-0.29895761609077454,1.7217508554458618,-1.847023844718933,42.84000015258789
16:54:34.883,-0.32224541902542114,1.6331731081008911,-1.7344141006469727,42.84000015258789
16:54:34.903,-0.28350594639778137,1.541231393814087,-1.8553595542907715,42.84000015258789
16:54:34.943,-0.17061981558799744,1.4464402198791504,-1.536547303199768,42.84000015258789
16:54:34.971,0.018320558592677116,1.3497337102890015,-0.8325614333152771,42.84000015258789
16:54:34.972,0.2747693657875061,1.2524703741073608,-0.22194933891296387,42.84000015258789
16:54:34.983,0.5812958478927612,1.15595543384552,0.23070144653320312,42.84000015258789
16:54:35.003,0.9140661954879761,1.0616027116775513,1.5256061553955078,42.84000015258789
16:54:35.056,1.2457916736602783,0.9708995223045349,1.6716033220291138,42.84000015258789
16:54:35.068,1.5485801696777344,0.8847888708114624,2.1935946941375732,42.84000015258789
16:54:35.069,1.7960079908370972,0.8037247657775879,2.113487482070923,42.84000015258789
16:54:35.083,1.9645206928253174,0.7278244495391846,2.15136981010437,42.84000015258789
16:54:35.103,2.034646987915039,0.6569145917892456,1.9183565378189087,42.84000015258789
16:54:35.151,1.9923732280731201,0.590919017791748,2.363330364227295,42.84000015258789
16:54:35.152,1.830983281135559,0.5302830934524536,2.9973199367523193,42.84000015258789
16:54:35.180,1.5531221628189087,0.47572648525238037,3.339402437210083,42.84000015258789
16:54:35.184,1.1719962358474731,0.427827924489975,3.880809783935547,42.84000015258789
16:54:35.203,0.7110132575035095,0.38751912117004395,5.315286636352539,42.84000015258789
16:54:35.223,0.20207563042640686,0.35582539439201355,5.196181297302246,42.84000015258789
16:54:35.243,-0.3176667392253876,0.3330373466014862,5.729122638702393,42.84000015258789
16:54:35.281,-0.8106479644775391,0.31903398036956787,5.66666841506958,42.84000015258789
16:54:35.312,-1.2439647912979126,0.31359952688217163,5.988681793212891,42.84000015258789
16:54:35.315,-1.5933253765106201,0.3162762224674225,5.607566833496094,42.84000015258789
16:54:35.323,-1.8454095125198364,0.32633689045906067,5.630998134613037,42.84000015258789
16:54:35.343,-1.9983214139938354,0.34332501888275146,6.1757426261901855,42.84000015258789
16:54:35.367,-2.0597963333129883,0.3672868013381958,6.490708827972412,42.84000015258789
16:54:35.392,-2.0441086292266846,0.3975723087787628,5.159385681152344,42.84000015258789
16:54:35.403,-1.9694470167160034,0.432787150144577,5.546574115753174,42.84000015258789
16:54:35.423,-1.8557451963424683,0.4720357358455658,5.205682277679443,42.84000015258789
16:54:35.443,-1.7219401597976685,0.5146620273590088,5.109266757965088,42.84000015258789
16:54:35.516,-1.5831457376480103,0.5599712133407593,5.1082377433776855,42.84000015258789
16:54:35.519,-1.448697805404663,0.607440710067749,5.028984546661377,42.84000015258789
16:54:35.520,-1.321312665939331,0.6566189527511597,5.146130561828613,42.84000015258789
16:54:35.523,-1.1974092721939087,0.7071231603622437,5.079283237457275,42.84000015258789
16:54:35.543,-1.0684727430343628,0.7586974501609802,5.461462497711182,42.84000015258789
16:54:35.565,-0.92298823595047,0.8114966750144958,6.096782684326172,42.84000015258789
16:54:35.610,-0.7484868764877319,0.8659210801124573,6.412657260894775,42.84000015258789
16:54:35.620,-0.5337495803833008,0.9222276210784912,6.850759506225586,42.84000015258789
16:54:35.640,-0.2713000178337097,0.9804662466049194,6.943191051483154,42.84000015258789
16:54:35.653,0.04018938168883324,1.0404211282730103,7.014047622680664,42.84000015258789
16:54:35.663,0.3942182958126068,1.1017143726348877,7.089052677154541,42.84000015258789
16:54:35.700,0.7757542133331299,1.1632235050201416,5.363892078399658,42.84000015258789
16:54:35.708,1.1614148616790771,1.2232208251953125,5.633274078369141,42.84000015258789
16:54:35.727,1.5214866399765015,1.2810478210449219,6.062345027923584,42.84000015258789
16:54:35.743,1.8248364925384521,1.337068796157837,6.5462517738342285,42.84000015258789
16:54:35.763,2.0451719760894775,1.3917101621627808,6.923525333404541,42.84000015258789
16:54:35.783,2.165925979614258,1.4454011917114258,7.524612903594971,42.84000015258789
16:54:35.820,2.182542562484741,1.4983787536621094,7.421930313110352,42.84000015258789
16:54:35.838,2.1020233631134033,1.5504207611083984,7.435643672943115,42.84000015258789
16:54:35.850,1.9402185678482056,1.6010733842849731,7.317973613739014,42.84000015258789
16:54:35.863,1.7178046703338623,1.6492862701416016,5.8747878074646,42.84000015258789
16:54:35.883,1.4558154344558716,1.6934878826141357,5.814083099365234,42.84000015258789
16:54:35.904,1.1722004413604736,1.7328873872756958,5.917372226715088,42.84000015258789
16:54:35.947,0.8807151913642883,1.7670283317565918,4.995296001434326,42.84000015258789
16:54:35.958,0.5914108753204346,1.7952395677566528,5.364962100982666,42.84000015258789
16:54:35.980,0.31163856387138367,1.8173465728759766,5.183071613311768,42.84000015258789
16:54:35.993,0.04738938808441162,1.8332945108413696,5.036259174346924,42.84000015258789
16:54:36.003,-0.19546586275100708,1.843185544013977,5.7061448097229,42.84000015258789
16:54:36.056,-0.41032302379608154,1.8476433753967285,5.905153751373291,42.84000015258789
16:54:36.067,-0.5895935893058777,1.84702467918396,5.616020679473877,42.84000015258789
16:54:36.071,-0.7256633043289185,1.8412522077560425,5.748362064361572,42.84000015258789
16:54:36.083,-0.8127525448799133,1.8302960395812988,5.61004114151001,42.84000015258789
16:54:36.103,-0.848499059677124,1.8143131732940674,5.968055248260498,42.84000015258789
16:54:36.123,-0.8346282839775085,1.7936404943466187,5.9919962882995605,42.84000015258789
16:54:36.169,-0.7768667936325073,1.768510103225708,5.955056667327881,42.84000015258789
16:54:36.171,-0.6843448877334595,1.739328384399414,6.784797668457031,42.84000015258789
16:54:36.202,-0.568284809589386,1.7071008682250977,7.368783473968506,42.84000015258789
16:54:36.204,-0.4403471350669861,1.672341227531433,6.530487060546875,42.84000015258789
16:54:36.223,-0.3122217357158661,1.6340343952178955,5.190440654754639,42.84000015258789
16:54:36.262,-0.19659081101417542,1.5910626649856567,5.800319671630859,42.84000015258789
16:54:36.281,-0.10695038735866547,1.5435806512832642,5.877962589263916,42.84000015258789
16:54:36.286,-0.055005546659231186,1.4922469854354858,6.296045780181885,42.84000015258789
16:54:36.303,-0.047474805265665054,1.4376704692840576,6.458430767059326,42.84000015258789
16:54:36.323,-0.08426649868488312,1.380369782447815,6.601171493530273,42.84000015258789
16:54:36.343,-0.15841317176818848,1.320784091949463,6.897866725921631,42.84000015258789
16:54:36.384,-0.25736474990844727,1.2593673467636108,7.010133743286133,42.84000015258789
16:54:36.415,-0.3654009699821472,1.1959149837493896,5.7548980712890625,42.84000015258789
16:54:36.428,-0.4669674336910248,1.1297885179519653,6.321411609649658,42.84000015258789
16:54:36.431,-0.5494837164878845,1.0612372159957886,6.644381046295166,42.84000015258789
16:54:36.443,-0.6042797565460205,0.9906903505325317,6.0802154541015625,42.84000015258789
16:54:36.480,-0.6265517473220825,0.9181227684020996,6.458641529083252,42.84000015258789
16:54:36.488,-0.6151077747344971,0.844123363494873,7.218029022216797,42.84000015258789
16:54:36.507,-0.5713478326797485,0.7696998715400696,7.3864874839782715,42.84000015258789
16:54:36.523,-0.497932493686676,0.6955657005310059,7.8188252449035645,42.84000015258789
16:54:36.543,-0.3982910215854645,0.6220801472663879,7.476576328277588,42.84000015258789
16:54:36.563,-0.277048796415329,0.5493080615997314,7.782478332519531,42.84000015258789
16:54:36.612,-0.14061175286769867,0.4773043096065521,7.5881829261779785,42.84000015258789
16:54:36.624,0.0023897974751889706,0.40533047914505005,5.785876750946045,42.84000015258789
16:54:36.637,0.14046603441238403,0.3317900598049164,5.570004940032959,42.84000015258789
16:54:36.649,0.25950536131858826,0.2561940848827362,6.215127468109131,42.84000015258789
16:54:36.663,0.3455387055873871,0.1791263222694397,5.990591526031494,42.84000015258789
16:54:36.711,0.3888626992702484,0.101125568151474,6.601436138153076,42.84000015258789
16:54:36.723,0.3866567611694336,0.02204217202961445,4.799581050872803,42.84000015258789
16:54:36.736,0.34277328848838806,-0.059096768498420715,4.981714248657227,42.84000015258789
16:54:36.744,0.26617807149887085,-0.14199689030647278,6.502352237701416,42.84000015258789
16:54:36.763,0.1700810045003891,-0.22584494948387146,4.563745498657227,42.84000015258789
16:54:36.783,0.07072386145591736,-0.31100016832351685,5.460958957672119,42.84000015258789
16:54:36.824,-0.015200198628008366,-0.3972230851650238,5.546539783477783,42.84000015258789
16:54:36.836,-0.0728878527879715,-0.48395487666130066,5.21362829208374,42.84000015258789
16:54:36.863,-0.09122566133737564,-0.5713851451873779,4.744553089141846,42.84000015258789
16:54:36.865,-0.06460914015769958,-0.6595388650894165,5.305642604827881,42.84000015258789
16:54:36.883,0.006368446163833141,-0.7477275133132935,5.6745758056640625,42.84000015258789
16:54:36.904,0.11584654450416565,-0.8352875113487244,5.392481327056885,42.84000015258789
16:54:36.924,0.25393253564834595,-0.9221240878105164,5.286828994750977,42.84000015258789
16:54:36.954,0.40745410323143005,-1.0083869695663452,4.912216663360596,42.84000015258789
16:54:36.964,0.5606427788734436,-1.0945249795913696,4.129307270050049,42.84000015258789
16:54:36.984,0.6961485743522644,-1.1811670064926147,3.937474489212036,42.84000015258789
16:54:37.003,0.7966305017471313,-1.2687768936157227,3.2915802001953125,42.84000015258789
16:54:37.046,0.8467612266540527,-1.35817289352417,1.9944623708724976,42.84000015258789
16:54:37.056,0.8351069092750549,-1.450048565864563,2.5763490200042725,42.84000015258789
16:54:37.082,0.7561985850334167,-1.5440247058868408,2.4937984943389893,42.84000015258789
16:54:37.090,0.612653911113739,-1.6398417949676514,1.6060587167739868,42.84000015258789
16:54:37.103,0.4156615734100342,-1.7377692461013794,1.7108150720596313,42.84000015258789
16:54:37.144,0.18350371718406677,-1.8374629020690918,1.9899711608886719,42.84000015258789
16:54:37.171,-0.060614973306655884,-1.9383291006088257,1.517651915550232,42.84000015258789
16:54:37.181,-0.291210800409317,-2.0399534702301025,2.03696608543396,42.84000015258789
16:54:37.185,-0.4837067723274231,-2.1417126655578613,1.8550090789794922,42.84000015258789
16:54:37.203,-0.6177445650100708,-2.2434818744659424,0.9015510082244873,42.84000015258789
16:54:37.223,-0.6805087327957153,-2.3457775115966797,0.6474482417106628,42.84000015258789
16:54:37.250,-0.669459342956543,-2.449434995651245,-1.0722841024398804,42.84000015258789
16:54:37.271,-0.5934052467346191,-2.5555248260498047,-1.2871137857437134,42.84000015258789
16:54:37.305,-0.471133828163147,-2.664475917816162,-1.7192268371582031,42.84000015258789
16:54:37.320,-0.32739391922950745,-2.7760539054870605,-1.741495132446289,42.84000015258789
16:54:37.324,-0.1873566210269928,-2.8896148204803467,-1.4254661798477173,42.84000015258789
16:54:37.366,-0.07138871401548386,-3.0042810440063477,-1.5903419256210327,42.84000015258789
16:54:37.372,0.008501972071826458,-3.11915922164917,-1.0154017210006714,42.84000015258789
16:54:37.393,0.05016133561730385,-3.232872486114502,-0.1989658623933792,42.84000015258789
16:54:37.403,0.060777295380830765,-3.3443257808685303,-1.127564549446106,42.84000015258789
16:54:37.423,0.05389377474784851,-3.4535887241363525,-1.4427858591079712,42.84000015258789
16:54:37.443,0.04438932612538338,-3.5611653327941895,-2.301391839981079,42.84000015258789
16:54:37.486,0.04367862269282341,-3.667417287826538,-2.4569451808929443,42.84000015258789
16:54:37.492,0.0569506399333477,-3.7726287841796875,-3.3262360095977783,42.84000015258789
16:54:37.508,0.08263478428125381,-3.8770110607147217,-3.3637430667877197,42.84000015258789
16:54:37.523,0.11363674700260162,-3.9805901050567627,-3.983294725418091,42.84000015258789
16:54:37.543,0.140060156583786,-4.082600116729736,-2.389662742614746,42.84000015258789
16:54:37.564,0.15303601324558258,-4.181509017944336,-2.7247588634490967,42.84000015258789
16:54:37.593,0.14801710844039917,-4.27640962600708,-2.7076520919799805,42.84000015258789
16:54:37.627,0.12565524876117706,-4.366960525512695,-2.6844537258148193,42.84000015258789
16:54:37.627,0.09059339761734009,-4.452725887298584,-2.7417309284210205,42.84000015258789
16:54:37.643,0.049532897770404816,-4.533578395843506,-3.3214895725250244,42.84000015258789
16:54:37.663,0.009013153612613678,-4.609829902648926,-3.7908647060394287,42.84000015258789
16:54:37.700,-0.02653939463198185,-4.681576728820801,-3.4670231342315674,42.84000015258789
16:54:37.706,-0.055313486605882645,-4.748086452484131,-2.855475425720215,42.84000015258789
16:54:37.724,-0.07716770470142365,-4.808745861053467,-3.7782623767852783,42.84000015258789
16:54:37.743,-0.09280804544687271,-4.86358118057251,-3.3378922939300537,42.84000015258789
16:54:37.763,-0.10357347875833511,-4.912194728851318,-3.055082082748413,42.84000015258789
16:54:37.783,-0.11091869324445724,-4.953944206237793,-3.131657361984253,42.84000015258789
16:54:37.832,-0.11567573249340057,-4.9883222579956055,-2.536646604537964,42.84000015258789
16:54:37.834,-0.11793094873428345,-5.01523494720459,-3.802663564682007,42.84000015258789
16:54:37.864,-0.1177685558795929,-5.035101890563965,-3.174043655395508,42.84000015258789
16:54:37.871,-0.11615561693906784,-5.048015117645264,-3.7194900512695312,42.84000015258789
16:54:37.884,-0.1151311919093132,-5.054190635681152,-4.05917501449585,42.84000015258789
16:54:37.929,-0.11762070655822754,-5.0542826652526855,-4.663885593414307,42.84000015258789
16:54:37.931,-0.12726080417633057,-5.048974514007568,-5.066596508026123,42.84000015258789
16:54:37.961,-0.14753589034080505,-5.038107872009277,-3.636323928833008,42.84000015258789
16:54:37.965,-0.17983996868133545,-5.020980358123779,-4.739689826965332,42.84000015258789
16:54:37.983,-0.22163383662700653,-4.996989727020264,-2.7135751247406006,42.84000015258789
16:54:38.004,-0.26533299684524536,-4.964061260223389,-0.7145255208015442,42.84000015258789
16:54:38.035,-0.29740118980407715,-4.919158458709717,0.8436613082885742,42.84000015258789
16:54:38.071,-0.2988514006137848,-4.85984992980957,2.3735244274139404,42.84000015258789
16:54:38.072,-0.24905727803707123,-4.785027027130127,1.7440247535705566,42.84000015258789
16:54:38.083,-0.13269639015197754,-4.695586204528809,0.9466454386711121,42.84000015258789
16:54:38.103,0.052418071776628494,-4.593822002410889,-0.702293872833252,42.84000015258789
16:54:38.123,0.2899388074874878,-4.482733249664307,-2.338932752609253,42.84000015258789
16:54:38.155,0.5444091558456421,-4.365787029266357,-4.6192626953125,42.84000015258789
16:54:38.175,0.7666410803794861,-4.244724750518799,-1.8312829732894897,42.84000015258789
16:54:38.202,0.9054769277572632,-4.118159294128418,-1.2721526622772217,42.84000015258789
16:54:38.203,0.9221569299697876,-3.9849681854248047,-1.7337146997451782,42.84000015258789
16:54:38.223,0.8003517985343933,-3.844797372817993,0.5130405426025391,42.84000015258789
16:54:38.252,0.5495805740356445,-3.696279525756836,0.8784894943237305,42.84000015258789
16:54:38.276,0.2031477689743042,-3.5392651557922363,-0.3400057256221771,42.84000015258789
16:54:38.289,-0.18962210416793823,-3.3754358291625977,-0.7459195256233215,42.84000015258789
16:54:38.303,-0.574765682220459,-3.206397533416748,-1.1782444715499878,42.84000015258789
16:54:38.323,-0.9038051962852478,-3.0329737663269043,-0.6467340588569641,42.84000015258789
16:54:38.343,-1.1398239135742188,-2.855069875717163,0.1583559513092041,42.84000015258789
16:54:38.378,-1.2602118253707886,-2.6732494831085205,-2.044029474258423,42.84000015258789
16:54:38.389,-1.258466362953186,-2.489792585372925,-2.6509673595428467,42.84000015258789
16:54:38.410,-1.1447936296463013,-2.3058016300201416,-0.8946914672851562,42.84000015258789
16:54:38.430,-0.9424131512641907,-2.1200997829437256,-0.12092280387878418,42.84000015258789
16:54:38.443,-0.680040717124939,-1.9312145709991455,1.1467766761779785,42.84000015258789
16:54:38.509,-0.38521742820739746,-1.7386573553085327,0.3479354679584503,42.84000015258789
16:54:38.510,-0.08179613202810287,-1.5438101291656494,-1.180223822593689,42.84000015258789
16:54:38.510,0.20865027606487274,-1.3494219779968262,-2.58994460105896,42.84000015258789
16:54:38.523,0.4646899402141571,-1.1576330661773682,-2.402437925338745,42.84000015258789
16:54:38.543,0.6652790307998657,-0.9700451493263245,-4.53412389755249,42.84000015258789
16:54:38.563,0.7923516035079956,-0.787990152835846,-3.2091891765594482,42.84000015258789
16:54:38.593,0.8344661593437195,-0.6116428375244141,-3.927389144897461,42.84000015258789
16:54:38.626,0.7901228666305542,-0.44160178303718567,-4.9887309074401855,42.84000015258789
16:54:38.631,0.6689446568489075,-0.2784458100795746,-3.4252166748046875,42.84000015258789
16:54:38.643,0.49101585149765015,-0.12131676077842712,-3.624833345413208,42.84000015258789
16:54:38.663,0.2847546339035034,0.029326366260647774,-5.841104030609131,42.84000015258789
16:54:38.703,0.08220761269330978,0.17248572409152985,-3.588883638381958,42.84000015258789
16:54:38.705,-0.08608288317918777,0.30926892161369324,-3.514314651489258,42.84000015258789
16:54:38.733,-0.19433817267417908,0.44010502099990845,-5.032369613647461,42.84000015258789
16:54:38.743,-0.22501496970653534,0.5636669397354126,-5.337029933929443,42.84000015258789
16:54:38.763,-0.17232733964920044,0.6800343990325928,-3.4075496196746826,42.84000015258789
16:54:38.784,-0.0422871932387352,0.7906643748283386,-3.8637638092041016,42.84000015258789
16:54:38.834,0.15040898323059082,0.8966643810272217,-2.4301562309265137,42.84000015258789
16:54:38.835,0.38576802611351013,0.9992916584014893,-1.9553889036178589,42.84000015258789
16:54:38.846,0.6414833068847656,1.1001328229904175,-0.47271832823753357,42.84000015258789
16:54:38.863,0.8952750563621521,1.1999611854553223,-1.7762953042984009,42.84000015258789
16:54:38.883,1.1252673864364624,1.2977341413497925,-2.7289106845855713,42.84000015258789
16:54:38.918,1.308656930923462,1.391795039176941,-3.2474453449249268,42.84000015258789
16:54:38.924,1.4213372468948364,1.4809764623641968,-4.044055938720703,42.84000015258789
16:54:38.943,1.440057396888733,1.5641510486602783,-4.789438247680664,42.84000015258789
16:54:38.963,1.346699595451355,1.6415729522705078,-2.2797014713287354,42.84000015258789
16:54:38.983,1.1340045928955078,1.7149637937545776,-2.7793455123901367,42.84000015258789
16:54:39.023,0.8099158406257629,1.7845627069473267,-3.8492352962493896,42.84000015258789
16:54:39.028,0.3968590199947357,1.849112629890442,-4.351268291473389,42.84000015258789
16:54:39.046,-0.07261741906404495,1.9087332487106323,-2.3509130477905273,42.84000015258789
16:54:39.063,-0.5592182278633118,1.9657396078109741,-0.6640534400939941,42.84000015258789
16:54:39.083,-1.018716812133789,2.0226809978485107,0.05024115368723869,42.84000015258789
16:54:39.104,-1.4055061340332031,2.0808498859405518,0.3302607536315918,42.84000015258789
16:54:39.132,-1.679463267326355,2.140071392059326,-0.8485919833183289,42.84000015258789
16:54:39.150,-1.8141956329345703,2.199113130569458,-1.1895760297775269,42.84000015258789
16:54:39.163,-1.8030622005462646,2.257157325744629,-0.9040529131889343,42.84000015258789
16:54:39.183,-1.659909725189209,2.3146724700927734,0.295034259557724,42.84000015258789
16:54:39.203,-1.4149609804153442,2.3715291023254395,-2.343423843383789,42.84000015258789
16:54:39.240,-1.1097854375839233,2.4252724647521973,-3.8144428730010986,42.84000015258789
16:54:39.271,-0.7928974628448486,2.473757266998291,-3.3440942764282227,42.84000015258789
